{
    "parent": "item/handheld",
	"gui_light": "front",
    "display": {
        "ground": {
            "rotation": [ 0, 0, 0 ],
            "translation": [ 0, 2, 0],
            "scale":[ 1.2, 1.2, 1.2 ]
        },
        "head": {
            "rotation": [ 0, 180, 0 ],
            "translation": [ 0, 13, 7],
            "scale":[ 1, 1, 1]
        },
        "thirdperson_righthand": {
            "rotation": [ 0, 90, 50 ],
            "translation": [ 0, -1, 1.4 ],
            "scale": [ 1.5, 1.5, 1.5 ]
        },
	  "thirdperson_lefthand": {
            "rotation": [ 0, -90, -50 ],
            "translation": [ 0, -1, 1.4 ],
            "scale": [ 1.5, 1.5, 1.5 ]
        },
        "firstperson_righthand": {
            "rotation": [ -47, -30, 25 ],
            "translation": [ -2, 0, 0 ],
            "scale": [ 1.5, 1.5, 1.5 ]
        },
	  "firstperson_lefthand": {
            "rotation": [ -47, -30, -55 ],
            "translation": [ -2, 0, 0 ],
            "scale": [ 1.5, 1.5, 1.5 ]
	  },
        "fixed": {
            "rotation": [ 0, 180, 0 ],
            "scale": [ 1.2, 1.2, 1.2 ]
        }
    }
}
