{
    "model": {
        "type": "range_dispatch",
        "property": "custom_model_data",
        "fallback": {
            "type": "model",
            "model": "item/iron_shovel"
        },
        "entries": [
            {
                "threshold": 1,
                "model": {
                    "type": "model",
                    "model": "copper_items:item/copper_shovel/copper_shovel"
                }
            },
            {
                "threshold": 2,
                "model": {
                    "type": "model",
                    "model": "copper_items:item/copper_shovel/copper_shovel1"
                }
            },
            {
                "threshold": 3,
                "model": {
                    "type": "model",
                    "model": "copper_items:item/copper_shovel/copper_shovel2"
                }
            },
            {
                "threshold": 4,
                "model": {
                    "type": "model",
                    "model": "copper_items:item/copper_shovel/copper_shovel3"
                }
            },
            {
                "threshold": 5,
                "model": {
                    "type": "model",
                    "model": "copper_items:item/copper_shovel/copper_shovel4"
                }
            }
        ]
    }
}